id;file_name;file_path;upload_date;file_type;size
1;so hack despite;tenderly since;2023-12-20T03:01:10;kookily;18325
2;pink slurp carrier;though acidly playfully;2023-12-19T23:07:29;while woot assign;12645
3;not;edge;2023-12-19T22:16:47;angrily ouch jump;3035
4;mend;loyally contort bustle;2023-12-20T11:34:59;regarding when possible;5569
5;during well-informed;world;2023-12-20T12:35:30;analogy hmph fortune;16105
6;id accidentally antedate;different till detach;2023-12-19T19:35:16;which spirited;27062
7;heir always;carpet message er;2023-12-19T17:01:45;queasily when;24517
8;meh;upward er;2023-12-20T03:41:13;exile babysit supposing;17646
9;badger;blue desktop through;2023-12-20T07:07:47;fooey;18816
10;why because;even definitive gadzooks;2023-12-20T07:47:13;boohoo;26522
